index,reward
0,-12.938147281707186
1,-12.660791674885987
2,-12.1378305215192
3,-13.86363999575083
4,-14.821139053814857
5,-14.582110966314161
6,-12.425810330713308
7,-11.925653761825442
8,-11.583656466893666
9,-11.987154250718282
10,-12.999006364714253
11,-10.348631145384914
12,-12.133794714186298
13,-12.368779982371063
14,-12.657704249181181
15,-14.093858814438805
16,-11.069374615496152
17,-12.722418858289023
18,-13.263093408760538
19,-12.291737583252484
20,-13.981532746857487
21,-13.801351704716108
22,-13.30766637849162
23,-13.195484712421154
24,-12.990736314987098
25,-14.269449547272359
26,-13.42863369072073
27,-10.914060609832154
28,-11.482728061411702
29,-14.472956175314158
30,-10.760893666699967
31,-8.865261847697978
32,-12.703332267963791
33,-12.002288725411658
34,-13.535409557575809
35,-13.423380444815898
36,-11.023967730127683
37,-12.551146989566966
38,-12.974908404596984
39,-12.157547538683557
40,-11.288214014651231
41,-11.416081144703089
42,-13.85666694139181
43,-10.840646479214868
44,-14.235105774666325
45,-10.825334686593456
46,-13.121986024556685
47,-13.711540754736285
48,-14.91162563601998
49,-10.966572618580969
50,-12.549228742421105
51,-11.578752054723944
52,-11.74179565197091
53,-14.317566964917688
54,-11.141665327202864
55,-11.773901621604805
56,-13.702515108185326
57,-10.718256410298018
58,-12.928368359046557
59,-11.194968115270632
60,-14.313001018114765
61,-12.72385482422923
62,-12.009195603396442
63,-10.63580578807988
64,-14.013480892130232
65,-14.35807766195266
66,-11.856470129502483
67,-13.863924085599642
68,-12.655307742696618
69,-11.771281153932755
70,-11.295438143165814
71,-13.024498249642047
72,-11.131471874099377
73,-12.842327681956064
74,-10.075994433393374
75,-12.44911001394619
76,-11.048907579485604
77,-13.797422104957043
78,-14.310415512922937
79,-9.935462969747174
80,-12.756048162176752
81,-12.575833914217567
82,-16.38522939823926
83,-11.839852638402629
84,-9.846181152409212
85,-13.664277368774293
86,-12.010961494398222
87,-13.39878227412069
88,-11.114560750363
89,-10.98295936844026
90,-14.483938490964489
91,-11.834798516203735
92,-13.296161919069222
93,-10.29317752059042
94,-14.27250580170288
95,-13.877887153013988
96,-12.167906954899905
97,-11.858299103199267
98,-13.625016594033902
99,-12.479135663784263
100,-11.197761567872414
101,-11.135835371369346
102,-14.753679952019548
103,-12.657746105040237
104,-13.182636644252433
105,-11.688283580096588
106,-10.917455036667564
107,-13.898579044531553
108,-13.21737304019595
109,-12.285492825485559
110,-11.18540405626663
111,-12.67762557615799
112,-10.772164605995386
113,-13.344986253657314
114,-13.548476228361032
115,-12.611780062110695
116,-10.973178320789767
117,-10.52585183077199
118,-10.403657873006576
119,-13.047444453569831
120,-13.523234751285736
121,-12.993114384592058
122,-14.14733386063906
123,-13.138565392972053
124,-11.117389028900421
125,-14.472057604685933
126,-15.036730717523549
127,-14.168615093197563
128,-13.43062926869782
129,-13.989650271551781
130,-13.992507248360038
131,-13.413122608154877
132,-11.452270695631203
133,-11.900592895372652
134,-12.282635471116807
135,-13.948831969005239
136,-13.077623717503073
137,-13.168847653056035
138,-11.58797563326304
139,-12.128227032817604
140,-15.225100185523083
141,-12.566479998575293
142,-11.874934656961505
143,-11.31551945269938
144,-15.438733408235615
145,-12.095375373969826
146,-11.14332168763927
147,-12.519156147072904
148,-13.228050656316684
149,-14.22624697194567
150,-12.643215215779668
151,-12.248777921322906
152,-11.548445830741079
153,-13.780134832986723
154,-12.630881303566627
155,-13.484392983880099
156,-11.745078628077861
157,-10.313613433629245
158,-10.991176592400455
159,-12.200485217465296
160,-12.44539869161757
161,-12.676028944914604
162,-12.391275780135583
163,-12.349803980381884
164,-10.369666491163434
165,-12.097412134565587
166,-14.334191484665888
167,-11.275206841786785
168,-13.882135219199611
169,-10.880099577359708
170,-12.332234076962443
171,-12.983381187981456
172,-13.433764783909627
173,-13.097243131712725
174,-13.359760636920425
175,-12.785342787058253
176,-11.503658095532517
177,-13.545927849610981
178,-13.638369604495567
179,-12.216382943363973
180,-12.469437025296143
181,-13.975470995378311
182,-13.785710865544385
183,-13.545091788264651
184,-13.435735624248778
185,-12.90879745174687
186,-14.261015789991458
187,-13.90979419496874
188,-13.257856950656652
189,-12.1194377662552
190,-11.520075438345016
191,-13.651156674519262
192,-12.452808746566886
193,-14.926134802556916
194,-12.869978298055281
195,-14.678011178197329
196,-12.489883811832238
197,-12.785244216979725
198,-12.11027444405639
199,-11.768284747106694
200,-14.372057712680087
201,-10.630046095136784
202,-13.930032754256233
203,-11.530806777058785
204,-14.257401382026776
205,-13.818808084420793
206,-14.420364642609279
207,-13.83741200285854
208,-14.779095323391003
209,-14.151995272438358
210,-13.307200697525925
211,-12.311465302028138
212,-13.387654040613235
213,-12.769229116341021
214,-14.48615331249185
215,-13.857643913713373
216,-13.225222313792209
217,-13.465192632571446
218,-12.155591878298205
219,-11.469974128896308
220,-11.758524179134673
221,-12.884197189738837
222,-10.824692838068257
223,-14.174975083525103
224,-13.107697948708891
225,-12.052786501519096
226,-13.682691513088916
227,-11.812525466550447
228,-9.888006191358775
229,-11.089521233459292
230,-12.71834437091253
231,-14.578657577053509
232,-12.624240162637244
233,-14.59347542244332
234,-12.996332005071189
235,-9.18547568512472
236,-12.058275573723998
237,-12.186745475008014
238,-13.225188327113164
239,-12.110637972697347
240,-11.938208863711626
241,-13.118528004349576
242,-11.668861330941924
243,-12.246071439475198
244,-13.48037318865341
245,-13.522817224312792
246,-12.607674405242264
247,-14.383899843643446
248,-12.511458730735832
249,-12.577180741067176
250,-13.55403673054831
251,-12.882644666550005
252,-11.123690602345796
253,-11.531540700587792
254,-12.932262911261661
255,-13.115754855146148
256,-9.767626651105397
257,-8.281255394453906
258,-12.244700590267923
259,-11.605003418685994
260,-14.260200828430625
261,-12.70902176890154
262,-13.726894319037907
263,-10.71583058442503
264,-11.830008610117844
265,-13.783707681415803
266,-14.730190919999771
267,-13.387720060319634
268,-13.218234538429842
269,-13.249823416687455
270,-12.267225715173062
271,-12.941929303128223
272,-13.346149762937614
273,-12.310886044483276
274,-12.531651418374302
275,-12.104896515117742
276,-11.066066817342904
277,-12.508030557238607
278,-10.673007311223946
279,-13.507356450464238
280,-14.772554751908766
281,-14.716661881464281
282,-13.528280557762649
283,-14.225194876746237
284,-11.863838268484756
285,-11.292197007259327
286,-10.89979128104139
287,-10.170613317547488
288,-13.376739252053502
289,-12.52961144714333
290,-12.964071421110074
291,-13.455812772685201
292,-12.655145751840665
293,-13.552419730510547
294,-12.850465426791517
295,-10.639611911433624
296,-13.206876442314087
297,-11.614750393362872
298,-12.411199837065244
299,-15.890227008630342
300,-13.579145761563076
301,-11.79998324720066
302,-13.646172909963667
303,-12.01696756251507
304,-12.013073248050757
305,-11.089846862803684
306,-11.438662053313616
307,-11.87219623405841
308,-12.776566835358214
309,-12.299100549725308
310,-12.07752209480791
311,-14.064871287048843
312,-11.8429829183385
313,-12.238192299292423
314,-9.701027486992736
315,-14.089232310551536
316,-14.02942036475231
317,-10.997392871153526
318,-9.89476932515979
319,-12.548202103067844
320,-13.482523658359694
321,-11.083666709904534
322,-14.692264706442806
323,-10.392171720783214
324,-12.901176017710723
325,-13.833386298919468
326,-10.895454153902865
327,-13.01770634261928
328,-13.769645360377604
329,-11.271837239231159
330,-9.722071731632159
331,-11.299308241447966
332,-10.056105442053019
333,-12.198246230644727
334,-11.8540791547767
335,-12.580782873259325
336,-10.780082111378244
337,-10.317669273930882
338,-12.803447522325875
339,-13.685602261613232
340,-10.747602745492319
341,-10.22807670373032
342,-14.122562291410748
343,-13.947298423415354
344,-10.473437477724
345,-12.166838313011882
346,-14.040577922955894
347,-13.515350039054875
348,-12.129492104068014
349,-11.688639209105169
350,-13.209902748009075
351,-13.244759938611933
352,-11.960157971821243
353,-11.511792691136575
354,-12.39681259640417
355,-10.321231721818702
356,-11.839770386331107
357,-11.87722592656003
358,-11.834180914302582
359,-12.304974729335996
360,-13.535406825015208
361,-13.289717805317025
362,-12.671606843760413
363,-13.510312983569854
364,-9.538486153895901
365,-11.384324204371312
366,-12.675581352103247
367,-11.51954220871734
368,-14.81462916449927
369,-12.516938556131485
370,-11.893625554204416
371,-14.054484377140902
372,-13.499605634744002
373,-9.917054178047062
374,-11.878023942302578
375,-11.768496565197047
376,-11.53398357445993
377,-10.622056370994857
378,-13.018244905439584
379,-12.055128693133502
380,-12.746314969081373
381,-14.241753982472954
382,-12.263331324350304
383,-14.126931053626402
384,-11.306659484160674
385,-15.375842474566968
386,-12.445261996876138
387,-9.785062609924362
388,-14.357236916849525
389,-13.101506175975477
390,-10.661123132790102
391,-13.181786495776588
392,-11.838173954833099
393,-13.566548266665892
394,-13.142979106867871
395,-8.112407962047497
396,-12.739047731726007
397,-14.17837075679548
398,-13.530973580215182
399,-11.726598108496912
400,-10.699100904748251
401,-12.007899447923522
402,-10.472032702642704
403,-13.229988676579275
404,-13.483697541590098
405,-14.303250741771834
406,-13.402893677505862
407,-13.29174562671639
408,-12.312706213597968
409,-10.97457331506491
410,-13.915141879380327
411,-12.564308959810765
412,-9.35538156005039
413,-9.605106958103548
414,-14.76112121117795
415,-11.36729765242817
416,-13.215977061891211
417,-13.512801562283851
418,-10.888152179568236
419,-11.0149902642449
420,-12.68172444328367
421,-12.582408680290273
422,-14.300855407296849
423,-10.681983042426122
424,-9.771415530181288
425,-11.67996114849435
426,-11.556283470912772
427,-12.87482596074747
428,-12.882636740063436
429,-11.919066365371332
430,-13.17105854961332
431,-11.049636211675672
432,-14.260705590917697
433,-11.600373308755485
434,-12.98237967148895
435,-9.934131103089642
436,-13.189104794163452
437,-11.444080504941272
438,-12.25366665444612
439,-10.749943928819883
440,-12.800335029675464
441,-14.103605311125031
442,-13.973613593152933
443,-10.664740833009844
444,-11.343318390201988
445,-12.591469179539635
446,-11.399521988908106
447,-12.71442927700136
448,-12.662110321246233
449,-11.857073840839838
450,-13.453333143314682
451,-11.618102896318721
452,-11.620146804911007
453,-10.08714065299224
454,-12.512847458348453
455,-10.829737341254743
456,-11.552866970559801
457,-13.377752555374471
458,-13.644843401582774
459,-10.055281859048298
460,-15.03155896516964
461,-11.320025332697554
462,-15.43036636970849
463,-13.147803270038764
464,-11.946235052301098
465,-12.435070000903066
466,-11.980945362128498
467,-13.674583903898595
468,-12.871325172751078
469,-14.515444876180785
470,-14.48316012183564
471,-14.969807427878042
472,-11.39135937734864
473,-12.602430963462442
474,-11.999658955063873
475,-12.073466088581904
476,-9.204054139147551
477,-11.742978297507822
478,-11.322833722682716
479,-13.363953257898336
480,-11.68473046051159
481,-12.585591579255755
482,-12.070458624848106
483,-11.918272707106219
484,-14.408428995176758
485,-14.14954145744957
486,-10.25194341954613
487,-12.803005419728514
488,-15.329968156383273
489,-12.968992994013934
490,-13.10730184434504
491,-12.789315541239771
492,-14.001201357642675
493,-11.640907219572705
494,-13.345251443047049
495,-10.602380010460447
496,-14.785661880770194
497,-16.716988297653494
498,-11.677027969935798
499,-11.509737497738811
500,-13.969718222715265
501,-14.584306620881092
502,-11.95129016344897
503,-11.82642207993661
504,-12.36548934247771
505,-14.900714208368809
506,-10.365070274417311
507,-11.908591911738588
508,-14.678486060261092
509,-11.850757831877038
510,-13.01693606245778
511,-9.763779828679516
512,-15.4141335104817
513,-12.402936408588422
514,-13.261630014178682
515,-14.506578069979708
516,-12.913592171980648
517,-13.340700190790127
518,-13.190057586952637
519,-11.765518526883195
520,-11.473534809884935
521,-13.51152581050067
522,-14.813670121955212
523,-11.46225546560189
524,-13.068085224404367
525,-11.62107206336139
526,-11.318027636310363
527,-14.149254898519626
528,-14.343890903582652
529,-13.420738086110495
530,-12.767044860597952
531,-13.34479754818773
532,-10.552191628728606
533,-14.796786303881031
534,-11.533585374493137
535,-13.536362512083937
536,-13.056591675991628
537,-13.064056921667145
538,-12.695161525028603
539,-13.267591230813077
540,-10.881967489815796
541,-12.657809607319404
542,-12.685655319912168
543,-10.801090395773173
544,-9.853808618094648
545,-11.817973700503847
546,-9.966636813084907
547,-14.018742553442975
548,-14.023447051684137
549,-11.650287294235408
550,-10.127484644134569
551,-12.589127519304917
552,-14.16430913960154
553,-12.777865358276728
554,-13.105590597774244
555,-12.701911575791765
556,-10.07506584505092
557,-13.23223072616733
558,-10.855441610446617
559,-13.467775362924012
560,-12.191220874180992
561,-13.959273573286714
562,-13.121686539797519
563,-13.710205412714691
564,-13.458049913148963
565,-11.299448572909348
566,-13.443403560127265
567,-12.754234729774344
568,-11.833512248993687
569,-10.570692055695785
570,-11.867331099434818
571,-12.267533928895057
572,-12.454641380211791
573,-10.852853397762745
574,-13.16937814232159
575,-13.440351893272956
576,-12.391301321601777
577,-13.852667201214446
578,-11.752497178818276
579,-14.47232077472618
580,-11.134231450575596
581,-10.418570043752384
582,-11.077629779742074
583,-14.648594494256624
584,-14.830103709371814
585,-13.054791021272933
586,-12.782277188751454
587,-10.876311743590044
588,-11.238135057354206
589,-13.079381582016817
590,-12.916092604581173
591,-12.111356916392653
592,-15.320390209129988
593,-9.538867686636065
594,-12.056152092396855
595,-11.732512352210156
596,-11.780175649281974
597,-10.993651218998831
598,-14.411563963822532
599,-14.193083047511667
600,-12.496624465287702
601,-12.26141735171552
602,-9.326910649015405
603,-13.596948217486196
604,-13.5725412154224
605,-12.143037763604976
606,-11.101083383450721
607,-12.359961344044823
608,-11.830036823162063
609,-11.123806289623847
610,-12.942217518844805
611,-11.817356347472797
612,-12.6462755232252
613,-15.172608255792078
614,-14.182240585849092
615,-14.24629367577197
616,-13.666034631138778
617,-13.654950934816132
618,-15.828287057528593
619,-12.485354862697607
620,-9.149090581501287
621,-10.901220423264363
622,-10.564019918212733
623,-10.973405125445378
624,-11.252271240749453
625,-13.664836539109105
626,-13.534645848365038
627,-11.523711889424204
628,-13.390477524026467
629,-11.86494399794741
630,-12.021390057837996
631,-12.223773558538694
632,-13.369750070598752
633,-11.400529290152273
634,-12.471211267127508
635,-13.11839583880987
636,-12.330950473594278
637,-12.524266305108277
638,-13.363132059373386
639,-13.958882838173912
640,-12.388038922141197
641,-9.621569015191929
642,-12.042870850552113
643,-12.771401894144418
644,-11.78525810338983
645,-13.136964733016907
646,-13.519982459938301
647,-14.967447145898037
648,-13.361792361983172
649,-12.943104328878974
650,-11.696242244462155
651,-11.76207328466872
652,-12.220429656613929
653,-10.917846250026463
654,-9.824575058327307
655,-10.372342543202405
656,-15.092123966613629
657,-11.903447728590532
658,-12.990217724657079
659,-14.190649871360675
660,-11.38497123939137
661,-10.423303146105084
662,-12.660586877474993
663,-14.255680093736075
664,-14.297063292534734
665,-10.16696077055178
666,-11.03366152145278
667,-11.438788772254933
668,-12.582211498106897
669,-11.656967600858621
670,-12.531823140115062
671,-11.97921712637248
672,-12.618747189896455
673,-12.365483927951008
674,-14.437380702587948
675,-10.07305868340498
676,-10.202140172630681
677,-14.831229829231832
678,-12.91047026179096
679,-10.098259574332376
680,-13.300575069145482
681,-11.189053572216105
682,-10.189073125197737
683,-14.280544927307549
684,-13.93735589228
685,-13.805548111735119
686,-11.771969225322335
687,-12.099175027138275
688,-13.68051570717782
689,-11.744939133401907
690,-12.68451629889411
691,-11.857478401127675
692,-13.015797058267689
693,-11.344347809503182
694,-14.663947204678022
695,-10.324128559719458
696,-13.850965825925414
697,-16.33987838285051
698,-12.737708757933913
699,-13.373895790026017
700,-11.35584577171004
701,-12.931657235034363
702,-12.322516705462899
703,-14.482002279131864
704,-11.873966625227297
705,-12.687776842709725
706,-11.563578374450133
707,-15.077617564377519
708,-11.78341557401566
709,-13.611329660297217
710,-10.978305513743045
711,-11.116434817233024
712,-13.206228452733505
713,-11.876844666373607
714,-10.264269635175896
715,-14.498439751820168
716,-12.44738477346745
717,-10.43434687122943
718,-12.231773541177342
719,-13.144639766644923
720,-11.564640426663372
721,-11.116237267327717
722,-13.366344557761
723,-13.815595110281139
724,-15.325915068136853
725,-13.44448302745947
726,-15.561671553355538
727,-14.784800412892517
728,-12.258282665220154
729,-13.309680803075874
730,-13.468136715803134
731,-9.489322866464764
732,-13.802161163897182
733,-12.893522812338722
734,-12.802097779270431
735,-13.84292552918528
736,-12.552395671348643
737,-11.623524530111757
738,-11.478662570067149
739,-13.498897285190864
740,-12.07948995443874
741,-11.684649752389797
742,-13.342499502594032
743,-11.711737452381584
744,-11.000547165126031
745,-11.94156183814585
746,-13.890967354266492
747,-12.504092036049846
748,-10.075951667431982
749,-12.406765404795543
750,-11.20666722356632
751,-12.269513599517705
752,-12.701163534189504
753,-14.671791469868916
754,-12.878874052494146
755,-13.149072379751985
756,-8.708579254590154
757,-12.847792733895792
758,-12.164902890321297
759,-12.901437570415485
760,-13.891815411451097
761,-9.480645801348084
762,-14.352427131629238
763,-14.719499441007065
764,-8.856863398525038
765,-10.7993730018415
766,-12.714980404448282
767,-10.566026047070752
768,-12.713576328436323
769,-12.661142808938825
770,-10.36737927585784
771,-13.258575122383402
772,-12.852424639585111
773,-13.63528770892778
774,-13.07797575749451
775,-8.891390003302114
776,-10.630158231054072
777,-14.017895192006502
778,-12.784779240570849
779,-15.184775986846605
780,-11.012433712839217
781,-12.374638530349452
782,-13.233744001519481
783,-11.631151437623304
784,-10.968173252056188
785,-11.821850479824443
786,-13.588829148462619
787,-11.256564192676658
788,-11.81402350887628
789,-10.484311728483958
790,-12.556405950039148
791,-10.771004940172329
792,-11.20131202059722
793,-12.723324551816837
794,-9.969341522222761
795,-11.366422668355419
796,-11.448155385760018
797,-12.048714829282222
798,-15.038922698096284
799,-11.824159409463036
800,-13.309114703829069
801,-14.985652358529094
802,-12.8875759494928
803,-14.761887927342611
804,-13.587317685001306
805,-9.383094151803371
806,-12.444098879735494
807,-13.141350689448524
808,-10.616720097286459
809,-14.35097298182752
810,-13.478248899741347
811,-12.815134798092268
812,-15.326360657888447
813,-13.566751197660448
814,-12.079906973571921
815,-12.812168556732276
816,-11.024669693657955
817,-10.596589871305317
818,-11.796733551561866
819,-12.472817717355525
820,-12.18557837546316
821,-11.092926418267924
822,-12.693274796982168
823,-9.290637408446447
824,-12.09230079067423
825,-13.565387086959724
826,-14.95487194021569
827,-14.27978842451063
828,-12.262683094309528
829,-11.232590791375737
830,-12.225561140685963
831,-13.587646307479584
832,-9.697215449598366
833,-10.98563794321772
834,-12.385956634700685
835,-11.577559332786413
836,-12.32134064562467
837,-9.519084036354466
838,-11.398205423867896
839,-9.967069190461894
840,-11.678314530219133
841,-15.226787497472367
842,-10.67299928656974
843,-11.843278752386718
844,-15.08482371397678
845,-9.75900564281149
846,-12.821447939604537
847,-11.182711393093
848,-12.998404707877906
849,-11.28503472629854
850,-13.2965153681328
851,-12.249066941683108
852,-10.816666730044851
853,-11.383672239096203
854,-14.752313495819427
855,-13.125402412604537
856,-10.183007640515369
857,-12.518104999738451
858,-13.135639933873199
859,-11.195546418974232
860,-11.707226232601785
861,-14.620700632291294
862,-11.231480517653917
863,-12.922105175731557
864,-12.57802246895355
865,-11.762953900598147
866,-14.725580301310103
867,-13.73814573109627
868,-12.518628318308243
869,-11.415036404981993
870,-12.089021722083704
871,-10.615991814699404
872,-12.582138727169635
873,-14.43389467869912
874,-14.197593925674328
875,-12.020832024849046
876,-11.47947880802199
877,-10.865811965413606
878,-15.395830388213724
879,-13.468564297652177
880,-14.56923096384282
881,-13.49521044444882
882,-11.889151040554584
883,-12.743235696866387
884,-12.525772940017191
885,-11.85207437271639
886,-10.713872675423113
887,-12.495383263128511
888,-12.804128490320057
889,-14.172752407961001
890,-14.127204709994345
891,-11.546206759539206
892,-11.952778837751628
893,-11.347870193966886
894,-12.04337738632933
895,-10.769368862675597
896,-15.218974205862173
897,-10.804173752791984
898,-12.257232421287437
899,-11.194469226742875
900,-14.77461809728717
901,-13.872625964580918
902,-11.196752649437952
903,-11.488651616691259
904,-11.764004024041366
905,-14.260269970393713
906,-15.551562834936364
907,-13.016667212698843
908,-15.90979397250455
909,-12.589519645522358
910,-13.408750206489213
911,-12.439803052729548
912,-13.909767652190656
913,-13.165590903759382
914,-10.257437468566772
915,-12.028028091278516
916,-13.935435793012998
917,-12.588185524067452
918,-9.800548597906337
919,-12.774230077712101
920,-13.439254814523537
921,-15.936570310356345
922,-14.935616303968267
923,-13.220404180451544
924,-13.377899340396839
925,-14.181765013099294
926,-12.458428721636734
927,-13.957757823101952
928,-13.101860041148049
929,-11.080573724593272
930,-11.27488051038542
931,-14.19466757841216
932,-9.156667080377764
933,-12.655583583375078
934,-14.132404790214702
935,-12.44242282180139
936,-12.843998025697031
937,-10.999651065307226
938,-10.701448320858498
939,-13.485085254861684
940,-15.637937720469873
941,-11.635163824701719
942,-12.632735123068219
943,-15.593504400859551
944,-12.586190627970913
945,-11.98691952002975
946,-9.23953833957283
947,-15.464716298445271
948,-13.639725342392978
949,-11.820998983121582
950,-13.705931154194635
951,-12.878191729782921
952,-11.80775628193636
953,-14.313787366783385
954,-12.869210930209036
955,-13.819625758188298
956,-14.519594264779837
957,-13.621707804821218
958,-13.823657784109637
959,-11.451610399410349
960,-12.219962021760832
961,-11.312972195946795
962,-13.766769130450209
963,-14.941889113282452
964,-13.21216958126608
965,-15.030447957741334
966,-12.895917853689632
967,-14.236338485174473
968,-12.140881126401064
969,-12.154862356172835
970,-14.045856984694538
971,-11.318913495567049
972,-12.131018378559732
973,-13.702361371091026
974,-10.623654278642663
975,-12.607101830537015
976,-9.144320014303517
977,-13.44161546506701
978,-12.700506237740894
979,-12.37639964028406
980,-12.896319051719669
981,-13.332889574624113
982,-13.682823016718507
983,-10.747374599706358
984,-11.483470334681202
985,-11.54326582519366
986,-13.377685641231388
987,-13.011682483029775
988,-10.931508309981727
989,-14.268268616669081
990,-12.115327529216714
991,-11.506115259600813
992,-14.286617432981481
993,-11.906148480548415
994,-13.860656948084033
995,-9.325242776351987
996,-10.807103351308173
997,-10.832933621598876
998,-10.53890665425088
999,-12.033957803892232
1000,-10.694147170383731
1001,-11.098751344508663
1002,-14.754577655402503
1003,-11.644073983329548
1004,-13.239567147125776
1005,-12.90558497794327
1006,-13.594212805931248
1007,-12.018597668401883
1008,-10.62184395374096
1009,-13.108258992844968
1010,-11.773822587200245
1011,-13.360907987919486
1012,-12.556401118586251
1013,-10.86824232337421
1014,-9.856142529510121
1015,-12.568601968481175
1016,-12.96738590267723
1017,-12.327486960899599
1018,-13.700968550615656
1019,-9.83163475377773
1020,-13.557021797273956
1021,-10.079072694215409
1022,-13.52480710969121
1023,-12.440930666843593
1024,-14.922812493447033
1025,-11.236676826427708
1026,-12.470173691300495
1027,-14.271857525490661
1028,-11.3739162086753
1029,-10.980789579336767
1030,-12.610010381951607
1031,-14.47379249747897
1032,-13.045009772503745
1033,-14.529414529898803
1034,-10.320132723818078
1035,-12.80082032216392
1036,-10.976111381368623
1037,-12.586300461208245
1038,-11.669481222583638
1039,-10.97642091565838
1040,-11.477304453867276
1041,-12.097147566393955
1042,-11.134305476608024
1043,-11.63161649473663
1044,-13.247508340141264
1045,-14.03930425524253
1046,-11.015749284235943
1047,-12.790550802441832
1048,-11.273657522504932
1049,-14.37189933568585
1050,-12.302004412243456
1051,-9.306205233130003
1052,-16.280091055417454
1053,-11.427005748680052
1054,-11.673881792884014
1055,-11.213062540527744
1056,-12.628443664289737
1057,-13.309777109125237
1058,-13.289322585969503
1059,-15.547364835057214
1060,-11.431291495204963
1061,-13.701841366515735
1062,-12.178299181222664
1063,-13.065972442171772
1064,-10.264809959269467
1065,-11.621711007434765
1066,-13.230229998486704
1067,-11.703339538293978
1068,-11.679710045322514
1069,-13.25962369618616
1070,-11.466287684003353
1071,-12.331932298086684
1072,-14.695315398185759
1073,-14.914386172095469
1074,-13.191628189502353
1075,-11.292454004958318
1076,-12.49859724394165
1077,-11.403598028987581
1078,-11.658263366563629
1079,-14.166575854367997
1080,-12.347960721407068
1081,-11.47058224993608
1082,-12.279651474100628
1083,-12.303732217334906
1084,-13.486862818241859
1085,-12.874188779101607
1086,-13.641975427076517
1087,-13.161953992532084
1088,-13.414155437665752
1089,-14.341689438165455
1090,-11.465395763214925
1091,-10.085551054547818
1092,-14.808504397079608
1093,-14.401002163181973
1094,-10.930671507545762
1095,-14.735838327405789
1096,-13.213617519567538
1097,-10.761019119372193
1098,-10.878491141615601
1099,-13.382825377313265
1100,-13.248157224302776
1101,-14.54136312405811
1102,-13.88802363159171
1103,-11.70144734825557
1104,-12.979028656161079
1105,-14.732874307449439
1106,-13.373545558436984
1107,-11.599004467187655
1108,-12.035644371353701
1109,-11.204526306647471
1110,-15.020269408727469
1111,-12.888468347624144
1112,-13.844989025230712
1113,-11.457678658024946
1114,-12.882573178729876
1115,-10.47764374752082
1116,-14.375376213702225
1117,-14.423510545616722
1118,-11.435760728451879
1119,-10.716909705841191
1120,-15.640708554069363
1121,-11.634176684345137
1122,-10.574519689689405
1123,-11.94067195453504
1124,-14.031520614286825
1125,-14.478990430685206
1126,-11.72929779632773
1127,-13.28385922864161
1128,-10.49387262975893
1129,-12.69881000808671
1130,-12.826942223713438
1131,-11.512036177027873
1132,-11.676170953258701
1133,-13.815983498016974
1134,-10.220899146101326
1135,-9.940365321221988
1136,-13.638735640136709
1137,-12.059936742848306
1138,-13.887672679520367
1139,-11.579140607400928
1140,-11.53493358926681
1141,-11.436021868964831
1142,-12.921325539416937
1143,-11.465077456863767
1144,-11.684722013426082
1145,-9.583894933484641
1146,-11.917861795143775
1147,-12.241303275729463
1148,-14.044655761816413
1149,-13.12649206431291
1150,-12.84309811042303
1151,-10.979270204155876
1152,-12.320009104542937
1153,-14.837556679059748
1154,-12.917618812173412
1155,-12.73458599568071
1156,-11.155481750957144
1157,-12.976589447604631
1158,-13.635904692880779
1159,-14.673974568257869
1160,-11.715934389034869
1161,-13.356014158961553
1162,-12.134361976989874
1163,-11.900368904663267
1164,-11.04799532475744
1165,-12.120114625529546
1166,-12.716816849574583
1167,-12.716026351435277
1168,-14.004369476617939
1169,-13.72486310366431
1170,-10.402793160406185
1171,-12.0079855375638
1172,-12.622413898552471
1173,-11.49874467539621
1174,-12.526672676285356
1175,-13.036312489443585
1176,-10.929556287144383
1177,-15.978046818536054
1178,-13.196479330434391
1179,-12.405645764817637
1180,-11.297312850853
1181,-12.701545808623857
1182,-12.627202705554081
1183,-10.99331562860194
1184,-11.780443622276431
1185,-10.806102739722688
1186,-13.197889468377282
1187,-12.829239949068102
1188,-11.150991256161698
1189,-13.02821975174874
1190,-11.251933306877868
1191,-11.396946701389039
1192,-10.828583722669059
1193,-11.78689591921318
1194,-11.094539994373946
1195,-13.805101376426816
1196,-9.831104198353986
1197,-13.578837959800808
1198,-14.739505746084705
1199,-11.780299820356651
1200,-14.513265046780786
1201,-13.300480199872382
1202,-12.687909611744974
1203,-12.957455322299525
1204,-11.679778489306205
1205,-14.071751464097433
1206,-13.823317703795027
1207,-11.710761000915573
1208,-10.013066679798493
1209,-12.458727858569901
1210,-11.68112269539316
1211,-12.234950352304116
1212,-11.059859021688299
1213,-13.451234168694288
1214,-11.245423394399594
1215,-14.262804550209324
1216,-11.63630473390574
1217,-9.424093853656753
1218,-12.569577442696724
1219,-11.745367751347926
1220,-12.851581695718876
1221,-13.205623407175764
1222,-12.535426069594216
1223,-13.269016463647464
1224,-12.074416842931576
1225,-15.387597645533209
1226,-11.386669679098183
1227,-13.093492631467663
1228,-13.141907291203822
1229,-13.409368845583325
1230,-14.876299002367729
1231,-11.674375425034313
1232,-12.85235116047903
1233,-13.11979452880027
1234,-10.806867400413905
1235,-14.436149619291502
1236,-14.269519962714256
1237,-12.707467057760798
1238,-13.987772281419158
1239,-10.244541131657815
1240,-12.88462874432958
1241,-13.279720967665229
1242,-12.265362446541983
1243,-14.633236015588052
1244,-11.413183490175768
1245,-14.470659836873159
1246,-12.030888322884897
1247,-13.55145897695526
1248,-14.919131480333439
1249,-12.70847416456034
1250,-14.450392195269435
1251,-11.788480885868067
1252,-11.779213143597572
1253,-13.13847668532855
1254,-13.690439898202131
1255,-12.812715479504673
1256,-11.197043185260911
1257,-9.779881495096259
1258,-11.670890446740124
1259,-14.089646226418301
1260,-10.458729043394621
1261,-12.674510416831941
1262,-12.016605778542841
1263,-11.891561634787644
1264,-13.698982819178507
1265,-12.489143054871013
1266,-15.68852501248124
1267,-13.284594240531067
1268,-12.883013211937822
1269,-12.48568465026099
1270,-9.634149213850513
1271,-11.905663100861075
1272,-11.961281121265545
1273,-10.212908026959338
1274,-13.834411454492182
1275,-10.957974262405365
1276,-13.321539621227672
1277,-12.281243561578911
1278,-10.878243857269792
1279,-11.74123325351144
1280,-14.099391877749746
1281,-10.79056076900971
1282,-12.215757966781371
1283,-13.851110073561092
1284,-13.879190141205854
1285,-13.38167561234969
1286,-10.718553327364644
1287,-12.97647907911662
1288,-13.781586002196272
1289,-11.195231827916482
1290,-13.418945389015525
1291,-10.77265375228423
1292,-13.52291906853444
1293,-11.911560244114835
1294,-11.429341366749025
1295,-12.613560845708392
1296,-11.467580207525355
1297,-11.539472748120085
1298,-12.126799294501343
1299,-13.347759647194515
1300,-12.319606029570414
1301,-12.89732660649773
1302,-12.438345132636442
1303,-13.202963505469576
1304,-13.850646226650865
1305,-13.43105548868284
1306,-9.192959799584917
1307,-15.902257061154609
1308,-13.031224560882912
1309,-11.452609442864015
1310,-11.843360180890704
1311,-10.463102621082573
1312,-12.464062339777653
1313,-12.255805554807864
1314,-11.7182964281331
1315,-12.688983159435658
1316,-13.995684707921516
1317,-9.01832051893364
1318,-13.440090906119902
1319,-12.914828352582584
1320,-11.864144833571597
1321,-14.75104901504315
1322,-11.28590629841593
1323,-9.454378570392162
1324,-12.533183980919755
1325,-13.766239823760534
1326,-13.385274369425716
1327,-12.893491515998097
1328,-11.838538834779937
1329,-12.887562545291786
1330,-13.990810820290383
1331,-10.999255514194635
1332,-12.494827751176373
1333,-14.902570610773886
1334,-12.588421112446808
1335,-12.555749375791967
1336,-11.437821404915304
1337,-10.439837615261766
1338,-11.408446575029867
1339,-13.0272951286476
1340,-14.54766969728285
1341,-12.30064714753635
1342,-11.54273850005939
1343,-11.41211367601542
1344,-13.130770100639397
1345,-12.127827203884818
1346,-12.89597001198483
1347,-11.51243957260771
1348,-14.78783516361223
1349,-12.433274403521947
1350,-9.94929889856037
1351,-12.880519193592054
1352,-11.741240968970216
1353,-12.46007218730635
1354,-12.727887432499772
1355,-12.649246393459219
1356,-11.395181410568465
1357,-10.862094746906509
1358,-11.682396050145103
1359,-13.913624827173296
1360,-13.462382716928948
1361,-13.332843652671011
1362,-10.653802384129543
1363,-11.446273811513919
1364,-15.26914315693801
1365,-12.338991758193899
1366,-12.496349667260445
1367,-12.319869313752337
1368,-12.941429401330822
1369,-11.92442501698342
1370,-12.181180680952584
1371,-13.477475358805808
1372,-14.496370992892103
1373,-10.826071020590483
1374,-11.905247311359851
1375,-9.653723746277072
1376,-14.345941411057009
1377,-12.201020823208214
1378,-13.306931196602745
1379,-11.264452014509631
1380,-12.007225852191809
1381,-11.952290052978778
1382,-11.392261178795511
1383,-9.544409416248392
1384,-11.263669431079252
1385,-10.170192095166184
1386,-11.499148345240615
1387,-14.2738718299183
1388,-13.887218900104592
1389,-13.048815331479352
1390,-14.700811804006241
1391,-13.972167484927494
1392,-12.912746559001402
1393,-12.563391155797833
1394,-12.02827194872638
1395,-15.3658862249399
1396,-12.503674904565461
1397,-11.591508292385582
1398,-11.371286165901827
1399,-11.689960523070434
1400,-13.014315869990066
1401,-12.458126707158968
1402,-9.81623151488197
1403,-10.672843854797168
1404,-12.501603525806448
1405,-11.29958585894759
1406,-11.150585788996153
1407,-15.420124368821591
1408,-10.224569618545647
1409,-11.775906022034931
1410,-11.294097630249464
1411,-11.697423497845769
1412,-13.002865994752284
1413,-15.04251177591061
1414,-13.516364722223049
1415,-11.501671929172124
1416,-13.70258779961613
1417,-14.15323158037225
1418,-13.383877475993911
1419,-11.439328497893845
1420,-9.813834713371172
1421,-12.87528178935797
1422,-14.13325704821714
1423,-12.259187472790002
1424,-14.50982073860422
1425,-13.334297437443812
1426,-11.674069077721633
1427,-13.598702352180958
1428,-11.629025568928895
1429,-15.576038802547586
1430,-14.048188702882356
1431,-11.102431651665157
1432,-11.637533738963894
1433,-13.829532114395878
1434,-11.399589318140555
1435,-15.131956134727325
1436,-13.411158425616199
1437,-12.015403246303714
1438,-14.11755757209719
1439,-9.96200506221264
1440,-12.730728662288605
1441,-12.439225543591233
1442,-13.566882119701303
1443,-12.70197626155176
1444,-12.363555460377237
1445,-12.200862416779657
1446,-13.792047597327644
1447,-12.690986357942615
1448,-13.27279288501982
1449,-11.23581914130052
1450,-14.725048816325323
1451,-13.377310056041738
1452,-12.920665425938656
1453,-13.140017609819235
1454,-13.93562283140996
1455,-10.897605787090216
1456,-13.568072285370974
1457,-11.056198823538612
1458,-12.193979182329592
1459,-12.597865348675542
1460,-11.939939315385711
1461,-8.950265450316497
1462,-11.131296835355991
1463,-10.662618010183516
1464,-12.069835136856852
1465,-11.202328526489676
1466,-11.27185484839856
1467,-9.958713643318717
1468,-10.936792797206124
1469,-12.838578104445173
1470,-13.961430616881014
1471,-11.28318749388677
1472,-12.16469025412502
1473,-12.483054348391388
1474,-13.222883019316333
1475,-14.079692225299214
1476,-12.475498125775072
1477,-11.708840777391996
1478,-12.868514637660494
1479,-10.668956240367816
1480,-12.408643991032571
1481,-14.607553998250292
1482,-12.111878665297588
1483,-11.922251755826077
1484,-10.946694085846598
1485,-12.113240161899824
1486,-10.023244219792657
1487,-12.46562903004845
1488,-14.048628186555073
1489,-11.173793587931502
1490,-13.330030371437749
1491,-12.17691600409668
1492,-12.71398880793451
1493,-16.479970701042173
1494,-12.360765943088019
1495,-13.42593643990506
1496,-13.243068564631072
1497,-11.650896973079488
1498,-12.511581861589136
1499,-10.489576291550582
1500,-11.704083411029758
1501,-13.118638106970748
1502,-10.855781378911455
1503,-12.366770421613062
1504,-13.97075303447032
1505,-12.189692428893672
1506,-13.321386722357918
1507,-13.11278178755305
1508,-9.685236785598386
1509,-12.80308091099051
1510,-13.000484069329593
1511,-12.480899619551229
1512,-12.906618493502414
1513,-11.766416938417493
1514,-13.770822461128189
1515,-12.917375140997912
1516,-14.402282966191285
1517,-11.623844376446986
1518,-13.727888863811131
1519,-12.395347842799804
1520,-11.734366540003418
1521,-12.082256527295513
1522,-12.786381117282478
1523,-11.542489641650416
1524,-14.042792888156365
1525,-12.641092359947235
1526,-13.182970972553916
1527,-11.745628575876047
1528,-14.248587430431808
1529,-11.811172109986549
1530,-16.228802285266568
1531,-12.02288913750325
1532,-12.064135813400688
1533,-12.353275331978695
1534,-15.515862094439814
1535,-11.598034984179131
1536,-12.668121582993248
1537,-10.310356220751494
1538,-10.795750166935733
1539,-13.879855099071378
1540,-11.17547864593001
1541,-14.628329730882866
1542,-12.409979262469694
1543,-12.283706887847638
1544,-12.600427643277612
1545,-11.99322849621743
1546,-12.226024673209508
1547,-13.820558923534879
1548,-11.414578709488485
1549,-11.968690231255604
1550,-12.822995483454704
1551,-12.528865659612457
1552,-13.651711477122273
1553,-12.07789494129958
1554,-14.530800631211832
1555,-10.014880154535426
1556,-10.578256749698001
1557,-12.312245451608666
1558,-11.694493663492018
1559,-11.357108327562328
1560,-13.581201955484095
1561,-9.683891738901174
1562,-10.393910661800794
1563,-10.295792146436309
1564,-12.96057398549615
1565,-13.874404373950592
1566,-13.62167835676664
1567,-14.66183496312129
1568,-11.100521666277894
1569,-14.404252802253048
1570,-11.331548887571204
1571,-12.900898012625076
1572,-12.523996866457555
1573,-9.717630193354823
1574,-12.676205607944173
1575,-12.966987614026932
1576,-14.588699221305678
1577,-12.74832336628772
1578,-12.760679714383224
1579,-13.19506941152968
1580,-14.46419179136051
1581,-13.71035707131244
1582,-15.547419154402542
1583,-13.099906453951798
1584,-13.207490180807058
1585,-11.043119419938327
1586,-13.65546690320743
1587,-11.375461267848511
1588,-13.104181374086469
1589,-12.416659793653531
1590,-11.903805381837937
1591,-12.161225552245964
1592,-10.864873551275567
1593,-12.059883005792129
1594,-12.716639930561195
1595,-12.770555988301874
1596,-12.181487603551172
1597,-13.60098936460416
1598,-12.650648233378005
1599,-14.43547364297911
1600,-12.823598342932145
1601,-10.30711348767284
1602,-14.59135641806631
1603,-12.319131029347876
1604,-14.319112089693512
1605,-15.192115130722495
1606,-12.70548705517042
1607,-12.708489688171598
1608,-12.407723064361607
1609,-11.949981772046485
1610,-14.406419994673099
1611,-13.609216635122918
1612,-11.725509745022599
1613,-12.464126494588955
1614,-11.21883425563508
1615,-14.792329648192176
1616,-11.077532515698287
1617,-13.612170444326674
1618,-12.435650832923866
1619,-13.569559336192468
1620,-13.089595137603407
1621,-12.066979238389845
1622,-15.316341073048765
1623,-12.020805369057284
1624,-11.574813450406634
1625,-12.84637244837131
1626,-12.124703976141054
1627,-12.519626268199373
1628,-13.565848022861529
1629,-11.165536322647847
1630,-15.48052119317387
1631,-12.887905500515476
1632,-12.57475731857504
1633,-12.9881445653157
1634,-13.124733124347292
1635,-12.175536107759338
1636,-11.775185002716642
1637,-12.44799244215579
1638,-11.163534111407746
1639,-12.791154486414035
1640,-12.958336119502237
1641,-12.765378831418884
1642,-10.807441348466167
1643,-14.227037357962207
1644,-11.608529984627065
1645,-13.04223138339259
1646,-13.334554167640906
1647,-14.212913704985782
1648,-14.965757579793253
1649,-13.564331025331951
1650,-12.617338598000194
1651,-9.42175540302886
1652,-10.931471784937271
1653,-12.64834702654436
1654,-11.886244311560272
1655,-12.014500461123873
1656,-12.53705856215712
1657,-13.677893281780374
1658,-13.77119545381087
1659,-12.830484409334769
1660,-14.42540753269052
1661,-12.31908717394599
1662,-14.087495028396344
1663,-13.436228881856964
1664,-13.406107712577557
